"","player","team","position","headshot_url","date","pass_yds_line","pass_yds_over_price","pass_yds_under_price","rush_yds_line","rush_yds_over_price","rush_yds_under_price","rec_yds_line","rec_yds_over_price","rec_yds_under_price","pass_tds_line","pass_tds_over_price","pass_tds_under_price","rush_tds_line","rush_tds_over_price","rush_tds_under_price","rec_tds_line","rec_tds_over_price","rec_tds_under_price","rush_yds_expected","rush_tds_expected","rec_yds_expected","rec_tds_expected","pass_yds_expected","pass_tds_expected","implied_fantasy_points"
"1","Josh Allen","BUF","QB","https://static.www.nfl.com/image/upload/f_auto,q_auto/league/servs1fpsynfxep4rz2z",2026-07-24,3600.5,-114,-114,500.5,-114,-114,NA,NA,NA,24.5,-120,-110,10.5,-115,-115,NA,NA,NA,533.242990654206,11.2325581395349,NA,NA,3836.04672897196,26.2077922077922,378.992685892677
"2","Drake Maye","NE","QB","https://static.www.nfl.com/image/upload/f_auto,q_auto/league/oyap81gtzcvnfmripis1",2026-07-24,3850.5,-114,-115,400.5,-114,-114,NA,NA,NA,25.5,-122,-108,3.5,120,-150,NA,NA,NA,426.700934579439,3.61818181818182,NA,NA,4110.76961530102,27.2690575190575,337.886199055306
"3","Lamar Jackson","BAL","QB","https://static.www.nfl.com/image/upload/f_auto,q_auto/league/cruqs6qpbykh7a2whd7p",2026-07-24,3200.5,-114,-114,575.5,-114,-114,NA,NA,NA,24.5,104,-138,3.5,-105,-125,NA,NA,NA,613.14953271028,3.71544715447155,NA,NA,3409.8785046729,26.1708683473389,324.686249774129
"4","Jalen Hurts","PHI","QB","https://static.www.nfl.com/image/upload/f_auto,q_auto/league/c47i9v6gmokkun9cat9s",2026-07-24,3150.5,-114,-114,400.5,-114,-114,NA,NA,NA,21.5,-122,-108,8.5,130,-160,NA,NA,NA,426.700934579439,8.83612040133779,NA,NA,3356.60747663551,22.9939362439362,321.926859907136
"5","Jayden Daniels","WAS","QB","https://static.www.nfl.com/image/upload/f_auto,q_auto/league/vrdweg39v1ay4zoc0lgp",2026-07-24,3200.5,-114,-114,550.5,-115,-115,NA,NA,NA,20.5,-122,-108,4.5,110,-140,NA,NA,NA,588.906976744186,4.71428571428571,NA,NA,3409.8785046729,21.9251559251559,311.272175847672
"6","Joe Burrow","CIN","QB","https://static.www.nfl.com/image/upload/f_auto,q_auto/league/gnnvcgui1cijybukk2w7",2026-07-24,3875.5,-115,-115,NA,NA,NA,NA,NA,NA,32.5,-114,-114,NA,NA,NA,NA,NA,NA,NA,NA,NA,NA,4145.88372093023,34.6261682242991,304.340021734406
"7","Jaxson Dart","NYG","QB","https://static.www.nfl.com/image/upload/f_auto,q_auto/league/n6uymxssgiicjmxkzxoc",2026-07-24,3050.5,-114,-114,425.5,-114,-114,NA,NA,NA,19.5,-108,-122,6.5,130,-160,NA,NA,NA,453.336448598131,6.73578595317726,NA,NA,3250.06542056075,20.8260568260568,299.055204705534
"8","Jared Goff","DET","QB","https://static.www.nfl.com/image/upload/f_auto,q_auto/league/yggfwr4ak4po9byj0qor",2026-07-24,4050.5,-114,-114,NA,NA,NA,NA,NA,NA,29.5,-114,-114,NA,NA,NA,NA,NA,NA,NA,NA,NA,NA,4315.48598130841,31.4299065420561,298.339065420561
"9","Justin Herbert","LAC","QB","https://static.www.nfl.com/image/upload/f_auto,q_auto/league/s1oelyaroiaalgilbeqk",2026-07-24,3650.5,-114,-114,300.5,-115,-115,NA,NA,NA,25.5,-108,-122,NA,NA,NA,NA,NA,NA,321.46511627907,NA,NA,NA,3889.31775700935,27.2387387387387,296.674176863236
"10","Matthew Stafford","LAR","QB","https://static.www.nfl.com/image/upload/f_auto,q_auto/league/svxl2pk2cuqf26zrhii4",2026-07-24,3925.5,-114,-114,NA,NA,NA,NA,NA,NA,29.5,-114,-114,NA,NA,NA,NA,NA,NA,NA,NA,NA,NA,4182.30841121495,31.4299065420561,293.011962616822
"11","Dak Prescott","DAL","QB","https://static.www.nfl.com/image/upload/f_auto,q_auto/league/blixemm3s9sa4gmqk5yn",2026-07-24,4050.5,-114,-114,NA,NA,NA,NA,NA,NA,27.5,-108,-122,NA,NA,NA,NA,NA,NA,NA,NA,NA,NA,4315.48598130841,29.3762993762994,290.124636757534
"12","Brock Purdy","SF","QB","https://static.www.nfl.com/image/upload/f_auto,q_auto/league/xykdxnvxpf9pobxvkjfj",2026-07-24,3775.5,-114,-114,NA,NA,NA,NA,NA,NA,27.5,-114,-114,NA,NA,NA,NA,NA,NA,NA,NA,NA,NA,4022.4953271028,29.2990654205607,278.096074766355
"13","Jahmyr Gibbs","DET","RB","https://static.www.nfl.com/image/upload/f_auto,q_auto/league/hjxk3judytgsxkqiilre",2026-07-24,NA,NA,NA,1125.5,-114,-114,475.5,-115,-115,NA,NA,NA,12.5,115,-145,3.5,100,-130,1199.1308411215,13.1485524442335,508.674418604651,3.69565217391304,NA,NA,271.845753681494
"14","Trevor Lawrence","JAX","QB","https://static.www.nfl.com/image/upload/f_auto,q_auto/league/d75srntioly7fq0z8vip",2026-07-24,3750.5,-114,-114,NA,NA,NA,NA,NA,NA,25.5,-102,-130,NA,NA,NA,NA,NA,NA,NA,NA,NA,NA,3995.85981308411,27.2591476538958,268.870983138948
"15","Bijan Robinson","ATL","RB","https://static.www.nfl.com/image/upload/f_auto,q_auto/league/rjaf9auhx3lrktzgwpfb",2026-07-24,NA,NA,NA,1150.5,-114,-114,575.5,-115,-115,NA,NA,NA,8.5,-115,-115,3.5,115,-145,1225.76635514019,9.09302325581395,615.651162790698,3.6359753203607,NA,NA,260.515743250136
"16","Baker Mayfield","TB","QB","https://static.www.nfl.com/image/upload/f_auto,q_auto/league/i2uufyghiphx4oihgucm",2026-07-24,3500.5,-114,-114,NA,NA,NA,NA,NA,NA,25.5,-102,-130,NA,NA,NA,NA,NA,NA,NA,NA,NA,NA,3729.5046728972,27.2591476538958,258.216777531471
"17","Sam Darnold","SEA","QB","https://static.www.nfl.com/image/upload/f_auto,q_auto/league/s5t8m6bhedjwwtfw3ild",2026-07-24,3700.5,-114,-114,NA,NA,NA,NA,NA,NA,23.5,-102,-130,NA,NA,NA,NA,NA,NA,NA,NA,NA,NA,3942.58878504673,25.1188118811881,258.178798926622
"18","Caleb Williams","CHI","QB","https://static.www.nfl.com/image/upload/f_auto,q_auto/league/h4qs11kutwiw7whekmyt",2026-07-24,3575.5,-114,-114,NA,NA,NA,NA,NA,NA,24.5,100,-132,NA,NA,NA,NA,NA,NA,NA,NA,NA,NA,3809.41121495327,26.1551724137931,256.997138253303
"19","Jordan Love","GB","QB","https://static.www.nfl.com/image/upload/f_auto,q_auto/league/uneiwen9drvci9ahuebp",2026-07-24,3525.5,-114,-114,NA,NA,NA,NA,NA,NA,24.5,-102,-130,NA,NA,NA,NA,NA,NA,NA,NA,NA,NA,3756.14018691589,26.188979767542,255.001526546803
"20","CJ Stroud","HOU","QB","https://static.www.nfl.com/image/upload/f_auto,q_auto/league/tt4zrtxlhifaljhj0rn7",2026-07-24,3550.5,-114,-114,NA,NA,NA,NA,NA,NA,22.5,-122,-108,NA,NA,NA,NA,NA,NA,NA,NA,NA,NA,3782.77570093458,24.0627165627166,247.561894288249
"21","Christian McCaffrey","SF","RB","https://static.www.nfl.com/image/upload/f_auto,q_auto/league/resjdwihunsqckohcorj",2026-07-24,NA,NA,NA,925.5,-114,-114,550.5,-114,-114,NA,NA,NA,8.5,100,-130,4.5,115,-145,986.046728971962,9.02173913043478,586.514018691589,4.69292833412435,NA,NA,239.54407955371
"22","Tyler Shough","NO","QB","https://static.www.nfl.com/image/upload/f_auto,q_auto/league/wsrkib8qgwtb2t2ugaru",2026-07-24,3600.5,-114,-114,NA,NA,NA,NA,NA,NA,19.5,-132,100,NA,NA,NA,NA,NA,NA,NA,NA,NA,NA,3836.04672897196,20.8793103448276,236.959110538189
"23","Cam Ward","TEN","QB","https://static.www.nfl.com/image/upload/f_auto,q_auto/league/viadutkbvligsopnd2qn",2026-07-24,3250.5,-114,-114,NA,NA,NA,NA,NA,NA,19.5,-102,-130,NA,NA,NA,NA,NA,NA,NA,NA,NA,NA,3463.14953271028,20.8381403357727,221.878542651502
"24","Bryce Young","CAR","QB","https://static.www.nfl.com/image/upload/f_auto,q_auto/league/qy1lfhlzhiacsyzzm1j7",2026-07-24,3000.5,-114,-114,NA,NA,NA,NA,NA,NA,20.5,-114,-114,NA,NA,NA,NA,NA,NA,NA,NA,NA,NA,3196.79439252336,21.8411214953271,215.236261682243
"25","Derrick Henry","BAL","RB","https://static.www.nfl.com/image/upload/f_auto,q_auto/league/jxtikemnvpkw9r0ex2wv",2026-07-24,NA,NA,NA,1225.5,-114,-114,NA,NA,NA,NA,NA,NA,12.5,100,-130,NA,NA,NA,1305.67289719626,13.2826086956522,NA,NA,NA,NA,210.262941893539
"26","Jonathan Taylor","IND","RB","https://static.www.nfl.com/image/upload/f_auto,q_auto/league/uwmnrhwtwug0wrgkomjk",2026-07-24,NA,NA,NA,1225.5,-114,-114,NA,NA,NA,NA,NA,NA,11.5,105,-135,NA,NA,NA,1305.67289719626,12.1728074727556,NA,NA,NA,NA,203.60413455616
"27","JaMarr Chase","CIN","WR","https://static.www.nfl.com/image/upload/f_auto,q_auto/league/qya3dtjb5kgofcuj2tuw",2026-07-24,NA,NA,NA,NA,NA,NA,1325.5,-114,-114,NA,NA,NA,NA,NA,NA,9.5,-145,115,NA,NA,1412.21495327103,10.1044138585667,NA,NA,201.847978478503
"28","Puka Nacua","LAR","WR","https://static.www.nfl.com/image/upload/f_auto,q_auto/league/zvi4hdm6fywcekfe7ceb",2026-07-24,NA,NA,NA,NA,NA,NA,1375.5,-114,-114,NA,NA,NA,NA,NA,NA,8.5,120,-150,NA,NA,1465.48598130841,8.89090909090909,NA,NA,199.894052676296
"29","Jaxon Smith-Njigba","SEA","WR","https://static.www.nfl.com/image/upload/f_auto,q_auto/league/jpvhsregfvw46mlyckzj",2026-07-24,NA,NA,NA,NA,NA,NA,1350.5,-114,-114,NA,NA,NA,NA,NA,NA,8.5,100,-130,NA,NA,1438.85046728972,9.02173913043478,NA,NA,198.015481511581
"30","James Cook","BUF","RB","https://static.www.nfl.com/image/upload/f_auto,q_auto/league/anjbznqb9i21wzcgrtbs",2026-07-24,NA,NA,NA,1200.5,-114,-114,NA,NA,NA,NA,NA,NA,10.5,115,-145,NA,NA,NA,1279.03738317757,11.0346464167062,NA,NA,NA,NA,194.111616817994
"31","Amon-Ra St Brown","DET","WR","https://static.www.nfl.com/image/upload/f_auto,q_auto/league/fd8nwhm6pvxfyzphzl6i",2026-07-24,NA,NA,NA,NA,NA,NA,1225.5,-114,-114,NA,NA,NA,NA,NA,NA,9.5,-115,-115,NA,NA,1305.67289719626,10.1627906976744,NA,NA,191.544033905673
"32","Ashton Jeanty","LV","RB","https://static.www.nfl.com/image/upload/f_auto,q_auto/league/syspis1mntov9kgspb7r",2026-07-24,NA,NA,NA,975.5,-114,-114,350.5,-115,-115,NA,NA,NA,7.5,-115,-115,NA,NA,NA,1039.31775700935,8.02325581395349,374.953488372093,NA,NA,NA,189.566659421865
"33","Saquon Barkley","PHI","RB","https://static.www.nfl.com/image/upload/f_auto,q_auto/league/ern1nbhivkmwkg82c7v1",2026-07-24,NA,NA,NA,1050.5,-114,-114,250.5,-130,100,NA,NA,NA,7.5,-135,105,NA,NA,NA,1119.22429906542,8.01037882719253,266.869565217391,NA,NA,NA,186.671659391436
"34","DeVon Achane","MIA","RB","https://static.www.nfl.com/image/upload/f_auto,q_auto/league/xk1xwio0bryfxo1ylweu",2026-07-24,NA,NA,NA,975.5,-114,-114,400.5,-115,-115,NA,NA,NA,5.5,120,-150,NA,NA,NA,1039.31775700935,5.72727272727273,428.441860465116,NA,NA,NA,181.139598111083
"35","CeeDee Lamb","DAL","WR","https://static.www.nfl.com/image/upload/f_auto,q_auto/league/ijxzvtumjhqu3zva1bwc",2026-07-24,NA,NA,NA,NA,NA,NA,1200.5,-114,-114,NA,NA,NA,NA,NA,NA,7.5,-130,100,NA,NA,1279.03738317757,8.02173913043478,NA,NA,176.034173100366
"36","Justin Jefferson","MIN","WR","https://static.www.nfl.com/image/upload/f_auto,q_auto/league/f0ccavu3ppzcs51e1cuv",2026-07-24,NA,NA,NA,NA,NA,NA,1150.5,-114,-114,NA,NA,NA,NA,NA,NA,7.5,100,-130,NA,NA,1225.76635514019,7.95652173913043,NA,NA,170.315765948801
"37","Justin Jefferson","MIN","LB",NA,2026-07-24,NA,NA,NA,NA,NA,NA,1150.5,-114,-114,NA,NA,NA,NA,NA,NA,7.5,100,-130,NA,NA,1225.76635514019,7.95652173913043,NA,NA,170.315765948801
"38","Kyler Murray","MIN","QB","https://static.www.nfl.com/image/upload/f_auto,q_auto/league/flezsremqighwuiyu77f",2026-07-24,3000.5,-115,-115,375.5,-115,-115,NA,NA,NA,NA,NA,NA,NA,NA,NA,NA,NA,NA,401.697674418605,NA,NA,NA,3209.83720930233,NA,168.563255813954
"39","Breece Hall","NYJ","RB","https://static.www.nfl.com/image/upload/f_auto,q_auto/league/m3dviruymtm2wl2zcpmr",2026-07-24,NA,NA,NA,900.5,-114,-114,325.5,-115,-115,NA,NA,NA,5.5,110,-140,NA,NA,NA,959.411214953271,5.77380952380952,348.209302325581,NA,NA,NA,165.404908870742
"40","Drake London","ATL","WR","https://static.www.nfl.com/image/upload/f_auto,q_auto/league/np91pvk7mczra1iyjkmo",2026-07-24,NA,NA,NA,NA,NA,NA,1100.5,-114,-114,NA,NA,NA,NA,NA,NA,7.5,115,-145,NA,NA,1172.4953271028,7.86378737541528,NA,NA,164.432256962772
"41","Kyren Williams","LAR","RB","https://static.www.nfl.com/image/upload/f_auto,q_auto/league/smsyrjrwy0lf0hu9hkvg",2026-07-24,NA,NA,NA,925.5,-114,-114,NA,NA,NA,NA,NA,NA,10.5,130,-160,NA,NA,NA,986.046728971962,10.9364548494983,NA,NA,NA,NA,164.223401994186
"42","Javonte Williams","DAL","RB","https://static.www.nfl.com/image/upload/f_auto,q_auto/league/hwzske22c4wrlf27qrih",2026-07-24,NA,NA,NA,950.5,-114,-114,NA,NA,NA,NA,NA,NA,9.5,-115,-115,NA,NA,NA,1012.68224299065,10.1627906976744,NA,NA,NA,NA,162.244968485112
"43","AJ Brown","NE","WR","https://static.www.nfl.com/image/private/f_auto,q_auto/league/a014sgzctarbvhwb35lw",2026-07-24,NA,NA,NA,NA,NA,NA,1100.5,-114,-114,NA,NA,NA,NA,NA,NA,6.5,-110,-120,NA,NA,1172.4953271028,6.93939393939394,NA,NA,158.885896346644
"44","George Pickens","DAL","WR","https://static.www.nfl.com/image/upload/f_auto,q_auto/league/cbpyykoguf7rsxezqzvk",2026-07-24,NA,NA,NA,NA,NA,NA,1050.5,-114,-114,NA,NA,NA,NA,NA,NA,7.5,125,-155,NA,NA,1119.22429906542,7.81045751633987,NA,NA,158.785175004581
"45","Cam Skattebo","NYG","RB","https://static.www.nfl.com/image/upload/f_auto,q_auto/league/vnftthkbvw7ucsqtqjpq",2026-07-24,NA,NA,NA,800.5,-115,-115,275.5,-115,-115,NA,NA,NA,6.5,115,-145,NA,NA,NA,856.348837209302,6.80683436165164,294.720930232558,NA,NA,NA,155.947982914096
"46","Fernando Mendoza","LV","QB",NA,2026-07-24,2350.5,-114,-114,NA,NA,NA,NA,NA,NA,12.5,-122,-108,NA,NA,NA,NA,NA,NA,NA,NA,NA,NA,2504.27102803738,13.3749133749134,153.670494621149
"47","Nico Collins","HOU","WR","https://static.www.nfl.com/image/upload/f_auto,q_auto/league/osmqyvmib3pssxi6cyic",2026-07-24,NA,NA,NA,NA,NA,NA,1050.5,-114,-114,NA,NA,NA,NA,NA,NA,6.5,115,-145,NA,NA,1119.22429906542,6.80683436165164,NA,NA,152.763436076452
"48","Bo Nix","DEN","QB","https://static.www.nfl.com/image/upload/f_auto,q_auto/league/igirshmrr6lqtxcpxsea",2026-07-24,3475.5,-115,-115,NA,NA,NA,NA,NA,NA,NA,NA,NA,NA,NA,NA,NA,NA,NA,NA,NA,NA,NA,3717.97674418605,NA,148.719069767442
"49","Chris Olave","NO","WR","https://static.www.nfl.com/image/upload/f_auto,q_auto/league/vrrmyvpvujynckag9jop",2026-07-24,NA,NA,NA,NA,NA,NA,1050.5,-114,-114,NA,NA,NA,NA,NA,NA,5.5,-110,-120,NA,NA,1119.22429906542,5.87012987012987,NA,NA,147.143209127321
"50","Kenneth Walker","KC","RB","https://static.www.nfl.com/image/upload/f_auto,q_auto/league/mnzsnemdzbey5hbahdhk",2026-07-24,NA,NA,NA,925.5,-114,-114,NA,NA,NA,NA,NA,NA,7.5,-110,-120,NA,NA,NA,986.046728971962,8.00865800865801,NA,NA,NA,NA,146.656620949144
"51","Omarion Hampton","LAC","RB","https://static.www.nfl.com/image/upload/f_auto,q_auto/league/ck7xcbwuka7wu2zwhssk",2026-07-24,NA,NA,NA,925.5,-114,-114,NA,NA,NA,NA,NA,NA,7.5,-105,-125,NA,NA,NA,986.046728971962,7.98644986449865,NA,NA,NA,NA,146.523372084188
"52","Davante Adams","LAR","WR","https://static.www.nfl.com/image/upload/f_auto,q_auto/league/qtonvcqpixixqhc6lhnc",2026-07-24,NA,NA,NA,NA,NA,NA,800.5,-114,-114,NA,NA,NA,NA,NA,NA,9.5,100,-130,NA,NA,852.869158878505,10.0869565217391,NA,NA,145.808655018285
"53","Brock Bowers","LV","TE","https://static.www.nfl.com/image/upload/f_auto,q_auto/league/uzp2ffi0lomamxofsrhy",2026-07-24,NA,NA,NA,NA,NA,NA,925.5,-114,-114,NA,NA,NA,NA,NA,NA,7.5,125,-155,NA,NA,986.046728971962,7.81045751633987,NA,NA,145.467417995235
"54","Trey McBride","ARI","TE","https://static.www.nfl.com/image/upload/f_auto,q_auto/league/vd7av3vdfs6q7ncjogac",2026-07-24,NA,NA,NA,NA,NA,NA,950.5,-114,-114,NA,NA,NA,NA,NA,NA,6.5,115,-145,NA,NA,1012.68224299065,6.80683436165164,NA,NA,142.109230468975
"55","DeVonta Smith","PHI","WR","https://static.www.nfl.com/image/upload/f_auto,q_auto/league/vj2fz8veorg1k5qthnjm",2026-07-24,NA,NA,NA,NA,NA,NA,1000.5,-115,-115,NA,NA,NA,NA,NA,NA,5.5,100,-130,NA,NA,1070.3023255814,5.82608695652174,NA,NA,141.98675429727
"56","DeVonta Smith","PHI","DB","https://static.www.nfl.com/image/upload/f_auto,q_auto/league/rmc5wkyad0gu4gxtvzzy",2026-07-24,NA,NA,NA,NA,NA,NA,1000.5,-115,-115,NA,NA,NA,NA,NA,NA,5.5,100,-130,NA,NA,1070.3023255814,5.82608695652174,NA,NA,141.98675429727
"57","Tee Higgins","CIN","WR","https://static.www.nfl.com/image/upload/f_auto,q_auto/league/flr9f8oqigbyroeaubxb",2026-07-24,NA,NA,NA,NA,NA,NA,875.5,-114,-114,NA,NA,NA,NA,NA,NA,7.5,-130,100,NA,NA,932.775700934579,8.02173913043478,NA,NA,141.408004876067
"58","Tetairoa McMillan","CAR","WR","https://static.www.nfl.com/image/upload/f_auto,q_auto/league/hokqp6gl5xujtlqwecg8",2026-07-24,NA,NA,NA,NA,NA,NA,925.5,-114,-114,NA,NA,NA,NA,NA,NA,6.5,100,-130,NA,NA,986.046728971962,6.89130434782609,NA,NA,139.952498984153
"59","Zay Flowers","BAL","WR","https://static.www.nfl.com/image/upload/f_auto,q_auto/league/sqqh8gmxdpo55qwpsszj",2026-07-24,NA,NA,NA,NA,NA,NA,975.5,-114,-114,NA,NA,NA,NA,NA,NA,5.5,100,-130,NA,NA,1039.31775700935,5.82608695652174,NA,NA,138.888297440065
"60","Emeka Egbuka","TB","WR","https://static.www.nfl.com/image/upload/f_auto,q_auto/league/qolqqtwamffi0pi4np7h",2026-07-24,NA,NA,NA,NA,NA,NA,900.5,-114,-114,NA,NA,NA,NA,NA,NA,6.5,115,-145,NA,NA,959.411214953271,6.80683436165164,NA,NA,136.782127665237
"61","David Montgomery","HOU","RB","https://static.www.nfl.com/image/upload/f_auto,q_auto/league/xeb6fq4zimgkksq7uari",2026-07-24,NA,NA,NA,825.5,-114,-114,NA,NA,NA,NA,NA,NA,7.5,-105,-125,NA,NA,NA,879.504672897196,7.98644986449865,NA,NA,NA,NA,135.869166476711
"62","Quinshon Judkins","CLE","RB","https://static.www.nfl.com/image/upload/f_auto,q_auto/league/ojtce2im0wp2ltyel0vc",2026-07-24,NA,NA,NA,875.5,-114,-114,NA,NA,NA,NA,NA,NA,6.5,130,-160,NA,NA,NA,932.775700934579,6.73578595317726,NA,NA,NA,NA,133.692285812522
"63","Quinshon Judkins","CLE","DL","https://static.www.nfl.com/image/upload/f_auto,q_auto/league/ojtce2im0wp2ltyel0vc",2026-07-24,NA,NA,NA,875.5,-114,-114,NA,NA,NA,NA,NA,NA,6.5,130,-160,NA,NA,NA,932.775700934579,6.73578595317726,NA,NA,NA,NA,133.692285812522
"64","Jaylen Waddle","DEN","WR","https://static.www.nfl.com/image/upload/f_auto,q_auto/league/dsxd2zcqm42wsv4ewtfc",2026-07-24,NA,NA,NA,NA,NA,NA,925.5,-114,-114,NA,NA,NA,NA,NA,NA,5.5,100,-130,NA,NA,986.046728971962,5.82608695652174,NA,NA,133.561194636327
"65","Garrett Wilson","NYJ","WR","https://static.www.nfl.com/image/upload/f_auto,q_auto/league/kbijsheobhwej7lh8mvf",2026-07-24,NA,NA,NA,NA,NA,NA,975.5,-114,-114,NA,NA,NA,NA,NA,NA,4.5,-115,-115,NA,NA,1039.31775700935,4.81395348837209,NA,NA,132.815496631167
"66","DAndre Swift","CHI","RB","https://static.www.nfl.com/image/upload/f_auto,q_auto/league/owpmwzoilitcodc6cmxo",2026-07-24,NA,NA,NA,800.5,-114,-114,NA,NA,NA,NA,NA,NA,7.5,160,-210,NA,NA,NA,852.869158878505,7.81885856079404,NA,NA,NA,NA,132.200067252615
"67","DJ Moore","BUF","WR","https://static.www.nfl.com/image/upload/f_auto,q_auto/league/qphturmeiifnqrnf5pax",2026-07-24,NA,NA,NA,NA,NA,NA,850.5,-115,-115,NA,NA,NA,NA,NA,NA,6.5,125,-155,NA,NA,909.837209302326,6.75816993464052,NA,NA,131.532740538076
"68","Terry McLaurin","WAS","WR","https://static.www.nfl.com/image/upload/f_auto,q_auto/league/wokz1etv1wj1vhbmvxgs",2026-07-24,NA,NA,NA,NA,NA,NA,900.5,-114,-114,NA,NA,NA,NA,NA,NA,5.5,-120,-110,NA,NA,959.411214953271,5.89177489177489,NA,NA,131.291770845976
"69","Jameson Williams","DET","WR","https://static.www.nfl.com/image/upload/f_auto,q_auto/league/gpjarmglg1jhwq5wr1uu",2026-07-24,NA,NA,NA,NA,NA,NA,900.5,-114,-114,NA,NA,NA,NA,NA,NA,5.5,-115,-115,NA,NA,959.411214953271,5.88372093023256,NA,NA,131.243447076722
"70","Ladd McConkey","LAC","WR","https://static.www.nfl.com/image/upload/f_auto,q_auto/league/qsvdiebsa34jtkcrjpju",2026-07-24,NA,NA,NA,NA,NA,NA,900.5,-114,-114,NA,NA,NA,NA,NA,NA,5.5,100,-130,NA,NA,959.411214953271,5.82608695652174,NA,NA,130.897643234458
"71","Aaron Rodgers","PIT","QB","https://static.www.nfl.com/image/upload/f_auto,q_auto/league/dypvakakxhccxs67tb0y",2026-07-24,3050.5,-114,-114,NA,NA,NA,NA,NA,NA,NA,NA,NA,NA,NA,NA,NA,NA,NA,NA,NA,NA,NA,3250.06542056075,NA,130.00261682243
"72","Chase Brown","CIN","RB","https://static.www.nfl.com/image/upload/f_auto,q_auto/league/pv3sq3uzosixxexbznq5",2026-07-24,NA,NA,NA,825.5,-114,-114,NA,NA,NA,NA,NA,NA,6.5,110,-140,NA,NA,NA,879.504672897196,6.83333333333333,NA,NA,NA,NA,128.95046728972
"73","Malik Willis","MIA","QB","https://static.www.nfl.com/image/upload/f_auto,q_auto/league/hsnetccy7bquili3gcqq",2026-07-24,2975.5,-115,-115,NA,NA,NA,NA,NA,NA,NA,NA,NA,NA,NA,NA,NA,NA,NA,NA,NA,NA,NA,3183.09302325581,NA,127.323720930233
"74","Rome Odunze","CHI","WR","https://static.www.nfl.com/image/upload/f_auto,q_auto/league/yqjdhpsno75du0n72u4w",2026-07-24,NA,NA,NA,NA,NA,NA,800.5,-114,-114,NA,NA,NA,NA,NA,NA,6.5,-115,-115,NA,NA,852.869158878505,6.95348837209302,NA,NA,127.007846120409
"75","Mike Evans","SF","WR","https://static.www.nfl.com/image/upload/f_auto,q_auto/league/yaxorbdsvk1ucfuiyrkj",2026-07-24,NA,NA,NA,NA,NA,NA,800.5,-114,-114,NA,NA,NA,NA,NA,NA,6.5,110,-140,NA,NA,852.869158878505,6.83333333333333,NA,NA,126.28691588785
"76","Jeremiyah Love","ARI","RB","https://static.www.nfl.com/image/upload/f_auto,q_auto/league/b12gtjsylmql5v7iyyla",2026-07-24,NA,NA,NA,850.5,-114,-114,NA,NA,NA,NA,NA,NA,5.5,-125,-105,NA,NA,NA,906.140186915888,5.89430894308943,NA,NA,NA,NA,125.979872350125
"77","Courtland Sutton","DEN","WR","https://static.www.nfl.com/image/upload/f_auto,q_auto/league/r2sr6cbma4c7wc3isejj",2026-07-24,NA,NA,NA,NA,NA,NA,775.5,-114,-114,NA,NA,NA,NA,NA,NA,6.5,-140,110,NA,NA,826.233644859813,6.94047619047619,NA,NA,124.266221628838
"78","DK Metcalf","PIT","WR","https://static.www.nfl.com/image/upload/f_auto,q_auto/league/tknefloqsleltfmslj2y",2026-07-24,NA,NA,NA,NA,NA,NA,825.5,-115,-115,NA,NA,NA,NA,NA,NA,5.5,100,-130,NA,NA,883.093023255814,5.82608695652174,NA,NA,123.265824064712
"79","Marvin Harrison","ARI","WR","https://static.www.nfl.com/image/upload/f_auto,q_auto/league/hwpoo1icpnh8emjvqaii",2026-07-24,NA,NA,NA,NA,NA,NA,825.5,-114,-114,NA,NA,NA,NA,NA,NA,5.5,115,-145,NA,NA,879.504672897196,5.74988134788799,NA,NA,122.449755377048
"80","Jadarian Price","SEA","RB","https://static.www.nfl.com/image/upload/f_auto,q_auto/league/toy90i08oumgbdlvctja",2026-07-24,NA,NA,NA,750.5,-115,-115,NA,NA,NA,NA,NA,NA,6.5,-115,-115,NA,NA,NA,802.860465116279,6.95348837209302,NA,NA,NA,NA,122.006976744186
"81","Christian Watson","GB","WR","https://static.www.nfl.com/image/upload/f_auto,q_auto/league/syljognztlbghfeqyqn1",2026-07-24,NA,NA,NA,NA,NA,NA,750.5,-114,-114,NA,NA,NA,NA,NA,NA,6.5,100,-130,NA,NA,799.598130841121,6.89130434782609,NA,NA,121.307639171069
"82","Bucky Irving","TB","RB","https://static.www.nfl.com/image/upload/f_auto,q_auto/league/hmgpumoxwhvrrkcjuuuw",2026-07-24,NA,NA,NA,800.5,-115,-115,NA,NA,NA,NA,NA,NA,5.5,135,-170,NA,NA,NA,856.348837209302,5.70133963750985,NA,NA,NA,NA,119.842921545989
"83","Tony Pollard","TEN","RB","https://static.www.nfl.com/image/upload/f_auto,q_auto/league/dvpdczetkdhrqpm8izmd",2026-07-24,NA,NA,NA,800.5,-114,-114,NA,NA,NA,NA,NA,NA,5.5,125,-155,NA,NA,NA,852.869158878505,5.70588235294118,NA,NA,NA,NA,119.522210005498
"84","Travis Etienne","NO","RB","https://static.www.nfl.com/image/upload/f_auto,q_auto/league/gc0iljgj34piecyfueyd",2026-07-24,NA,NA,NA,800.5,-114,-114,NA,NA,NA,NA,NA,NA,5.5,125,-155,NA,NA,NA,852.869158878505,5.70588235294118,NA,NA,NA,NA,119.522210005498
"85","Luther Burden","CHI","WR","https://static.www.nfl.com/image/upload/f_auto,q_auto/league/iyuwdz7pbowdkwzq2tg5",2026-07-24,NA,NA,NA,NA,NA,NA,850.5,-114,-114,NA,NA,NA,NA,NA,NA,4.5,100,-130,NA,NA,906.140186915888,4.76086956521739,NA,NA,119.179236082893
"86","Colston Loveland","CHI","TE","https://static.www.nfl.com/image/upload/f_auto,q_auto/league/tyjb6vfug7gaunvcune3",2026-07-24,NA,NA,NA,NA,NA,NA,775.5,-114,-114,NA,NA,NA,NA,NA,NA,5.5,-125,-105,NA,NA,826.233644859813,5.89430894308943,NA,NA,117.989218144518
"87","TreVeyon Henderson","NE","RB","https://static.www.nfl.com/image/upload/f_auto,q_auto/league/cfcux3dnfmbmz3qzrnco",2026-07-24,NA,NA,NA,700.5,-114,-114,NA,NA,NA,NA,NA,NA,6.5,140,-175,NA,NA,NA,746.327102803738,6.73484848484849,NA,NA,NA,NA,115.041801189465
"88","Chuba Hubbard","CAR","RB","https://static.www.nfl.com/image/upload/f_auto,q_auto/league/pjgml85ghq7oa48dctn7",2026-07-24,NA,NA,NA,800.5,-115,-115,NA,NA,NA,NA,NA,NA,4.5,100,-130,NA,NA,NA,856.348837209302,4.76086956521739,NA,NA,NA,NA,114.200101112235
"89","Bhayshul Tuten","JAX","RB","https://static.www.nfl.com/image/upload/f_auto,q_auto/league/uf6bidyfjeemrlgsibiz",2026-07-24,NA,NA,NA,725.5,-115,-115,NA,NA,NA,NA,NA,NA,5.5,100,-130,NA,NA,NA,776.116279069767,5.82608695652174,NA,NA,NA,NA,112.568149646107
"90","Carnell Tate","TEN","WR","https://static.www.nfl.com/image/upload/f_auto,q_auto/league/ghpmpzcnigxrdbyvcxke",2026-07-24,NA,NA,NA,NA,NA,NA,775.5,-114,-114,NA,NA,NA,NA,NA,NA,4.5,125,-155,NA,NA,826.233644859813,4.65359477124183,NA,NA,110.544933113432
"91","Jakobi Meyers","JAX","WR","https://static.www.nfl.com/image/upload/f_auto,q_auto/league/qui5ajbevlk7pfjpcufz",2026-07-24,NA,NA,NA,NA,NA,NA,700.5,-115,-115,NA,NA,NA,NA,NA,NA,5.5,125,-155,NA,NA,749.372093023256,5.70588235294118,NA,NA,109.172503419973
"92","Parker Washington","JAX","WR","https://static.www.nfl.com/image/upload/f_auto,q_auto/league/sqgxayp6nrrpvwonksdm",2026-07-24,NA,NA,NA,NA,NA,NA,750.5,-115,-115,NA,NA,NA,NA,NA,NA,4.5,105,-135,NA,NA,802.860465116279,4.73689673066943,NA,NA,108.707426895645
"93","Jordyn Tyson","NO","WR","https://static.www.nfl.com/image/upload/f_auto,q_auto/league/al6fifxstyc6omsenzhd",2026-07-24,NA,NA,NA,NA,NA,NA,750.5,-114,-114,NA,NA,NA,NA,NA,NA,4.5,100,-130,NA,NA,799.598130841121,4.76086956521739,NA,NA,108.525030475417
"94","Rico Dowdle","PIT","RB","https://static.www.nfl.com/image/upload/f_auto,q_auto/league/cvnrzndsiaojvvxz8vo5",2026-07-24,NA,NA,NA,750.5,-115,-115,NA,NA,NA,NA,NA,NA,4.5,115,-145,NA,NA,NA,802.860465116279,4.69292833412435,NA,NA,NA,NA,108.443616516374
"95","Tyler Warren","IND","TE","https://static.www.nfl.com/image/upload/f_auto,q_auto/league/jt2almbzdk0kbha39otb",2026-07-24,NA,NA,NA,NA,NA,NA,750.5,-114,-114,NA,NA,NA,NA,NA,NA,4.5,120,-150,NA,NA,799.598130841121,4.67272727272727,NA,NA,107.996176720476
"96","JK Dobbins","DEN","RB","https://static.www.nfl.com/image/upload/f_auto,q_auto/league/cevotvl3ho5h1mioruyg",2026-07-24,NA,NA,NA,675.5,-114,-114,NA,NA,NA,NA,NA,NA,5.5,115,-145,NA,NA,NA,719.691588785047,5.74988134788799,NA,NA,NA,NA,106.468446965833
"97","Kyle Pitts","ATL","TE","https://static.www.nfl.com/image/upload/f_auto,q_auto/league/tbec213me3pszzszecqo",2026-07-24,NA,NA,NA,NA,NA,NA,725.5,-114,-114,NA,NA,NA,NA,NA,NA,4.5,100,-130,NA,NA,772.96261682243,4.76086956521739,NA,NA,105.861479073547
"98","Michael Pittman","PIT","WR","https://static.www.nfl.com/image/upload/f_auto,q_auto/league/z78xpye9hing1e7wke8b",2026-07-24,NA,NA,NA,NA,NA,NA,725.5,-114,-114,NA,NA,NA,NA,NA,NA,4.5,125,-155,NA,NA,772.96261682243,4.65359477124183,NA,NA,105.217830309694
"99","Rhamondre Stevenson","NE","RB","https://static.www.nfl.com/image/upload/f_auto,q_auto/league/ed09migntlyy8ntgvcu1",2026-07-24,NA,NA,NA,600.5,-114,-114,NA,NA,NA,NA,NA,NA,6.5,130,-160,NA,NA,NA,639.785046728972,6.73578595317726,NA,NA,NA,NA,104.393220391961
"100","Brian Thomas","JAX","WR","https://static.www.nfl.com/image/upload/f_auto,q_auto/league/plnekkriys4cm11rnxwl",2026-07-24,NA,NA,NA,NA,NA,NA,700.5,-115,-115,NA,NA,NA,NA,NA,NA,4.5,110,-140,NA,NA,749.372093023256,4.71428571428571,NA,NA,103.22292358804
"101","Blake Corum","LAR","RB","https://static.www.nfl.com/image/upload/f_auto,q_auto/league/gytdgnrjj3jk8rlfxz85",2026-07-24,NA,NA,NA,625.5,-115,-115,NA,NA,NA,NA,NA,NA,5.5,-115,-115,NA,NA,NA,669.139534883721,5.88372093023256,NA,NA,NA,NA,102.216279069767
"102","Quentin Johnston","LAC","WR","https://static.www.nfl.com/image/upload/f_auto,q_auto/league/bpzdpin1xp1kjxmbkq6d",2026-07-24,NA,NA,NA,NA,NA,NA,625.5,-115,-115,NA,NA,NA,NA,NA,NA,5.5,100,-130,NA,NA,669.139534883721,5.82608695652174,NA,NA,101.870475227503
"103","Travis Kelce","KC","TE","https://static.www.nfl.com/image/upload/f_auto,q_auto/league/ebc5j60djpinc9elvlc5",2026-07-24,NA,NA,NA,NA,NA,NA,675.5,-114,-114,NA,NA,NA,NA,NA,NA,4.5,110,-140,NA,NA,719.691588785047,4.71428571428571,NA,NA,100.254873164219
"104","Kyle Monangai","CHI","RB","https://static.www.nfl.com/image/upload/f_auto,q_auto/league/cici2wf1walmoluhe95i",2026-07-24,NA,NA,NA,650.5,-115,-115,NA,NA,NA,NA,NA,NA,4.5,-120,-110,NA,NA,NA,695.883720930232,4.82251082251082,NA,NA,NA,NA,98.5234370280882
"105","Chris Godwin","TB","WR","https://static.www.nfl.com/image/upload/f_auto,q_auto/league/ilkheljdx4hbjpisulke",2026-07-24,NA,NA,NA,NA,NA,NA,650.5,-115,-115,NA,NA,NA,NA,NA,NA,4.5,-115,-115,NA,NA,695.883720930232,4.81395348837209,NA,NA,98.4720930232558
"106","Jordan Addison","MIN","WR","https://static.www.nfl.com/image/upload/f_auto,q_auto/league/s2ey8g5memyqvxc52uzy",2026-07-24,NA,NA,NA,NA,NA,NA,650.5,-115,-115,NA,NA,NA,NA,NA,NA,4.5,-115,-115,NA,NA,695.883720930232,4.81395348837209,NA,NA,98.4720930232558
"107","Jordan Mason","MIN","RB","https://static.www.nfl.com/image/upload/f_auto,q_auto/league/ixykwytfrfz1cdxlhj5w",2026-07-24,NA,NA,NA,650.5,-115,-115,NA,NA,NA,NA,NA,NA,4.5,-115,-115,NA,NA,NA,695.883720930232,4.81395348837209,NA,NA,NA,NA,98.4720930232558
"108","Sam LaPorta","DET","TE","https://static.www.nfl.com/image/upload/f_auto,q_auto/league/qfcy3taaoage00rrl0cc",2026-07-24,NA,NA,NA,NA,NA,NA,650.5,-114,-114,NA,NA,NA,NA,NA,NA,4.5,-120,-110,NA,NA,693.056074766355,4.82251082251082,NA,NA,98.2406724117004
"109","Tucker Kraft","GB","TE","https://static.www.nfl.com/image/upload/f_auto,q_auto/league/yr6nj1zqaqg6nbdnxu3q",2026-07-24,NA,NA,NA,NA,NA,NA,640.5,-115,-115,NA,NA,NA,NA,NA,NA,4.5,-120,-110,NA,NA,685.186046511628,4.82251082251082,NA,NA,97.4536695862277
"110","Romeo Doubs","NE","WR","https://static.www.nfl.com/image/upload/f_auto,q_auto/league/ov2llp1bfetznmngqybi",2026-07-24,NA,NA,NA,NA,NA,NA,625.5,-115,-115,NA,NA,NA,NA,NA,NA,4.5,-115,-115,NA,NA,669.139534883721,4.81395348837209,NA,NA,95.7976744186046
"111","Xavier Worthy","KC","WR","https://static.www.nfl.com/image/upload/f_auto,q_auto/league/ue6fp8xwnyo7ftvabbb8",2026-07-24,NA,NA,NA,NA,NA,NA,625.5,-115,-115,NA,NA,NA,NA,NA,NA,4.5,125,-155,NA,NA,669.139534883721,4.65359477124183,NA,NA,94.8355221158231
"112","Dallas Goedert","PHI","TE","https://static.www.nfl.com/image/upload/f_auto,q_auto/league/a6ljhwvkehvyiufdx3d1",2026-07-24,NA,NA,NA,NA,NA,NA,575.5,-115,-115,NA,NA,NA,NA,NA,NA,4.5,-120,-110,NA,NA,615.651162790698,4.82251082251082,NA,NA,90.5001812141347
"113","Isaiah Likely","NYG","TE","https://static.www.nfl.com/image/upload/f_auto,q_auto/league/ssrjtyvnyfflobmi0mb8",2026-07-24,NA,NA,NA,NA,NA,NA,625.5,-125,-105,NA,NA,NA,NA,NA,NA,3.5,110,-140,NA,NA,667.89972899729,3.6547619047619,NA,NA,88.7185443283004
"114","Mark Andrews","BAL","TE","https://static.www.nfl.com/image/upload/f_auto,q_auto/league/wzx3p0hzm3qyqsrfqznb",2026-07-24,NA,NA,NA,NA,NA,NA,500.5,-114,-114,NA,NA,NA,NA,NA,NA,5.5,-115,-115,NA,NA,533.242990654206,5.88372093023256,NA,NA,88.6266246468159
"115","Calvin Ridley","TEN","WR","https://static.www.nfl.com/image/upload/f_auto,q_auto/league/l96rlegwqz7qfakbdtlp",2026-07-24,NA,NA,NA,NA,NA,NA,600.5,-115,-115,NA,NA,NA,NA,NA,NA,3.5,115,-145,NA,NA,642.395348837209,3.6359753203607,NA,NA,86.0553868058851
"116","Josh Downs","IND","WR","https://static.www.nfl.com/image/upload/f_auto,q_auto/league/gqozitn9vxnp8acz6wwg",2026-07-24,NA,NA,NA,NA,NA,NA,800.5,-115,-115,NA,NA,NA,NA,NA,NA,NA,NA,NA,NA,NA,856.348837209302,NA,NA,NA,85.6348837209302
"117","Isiah Pacheco","DET","RB","https://static.www.nfl.com/image/upload/f_auto,q_auto/league/tqshteijt4xhgk2ei9sx",2026-07-24,NA,NA,NA,500.5,-115,-115,NA,NA,NA,NA,NA,NA,4.5,100,-130,NA,NA,NA,535.418604651163,4.76086956521739,NA,NA,NA,NA,82.1070778564206
"118","Hunter Henry","NE","TE","https://static.www.nfl.com/image/upload/f_auto,q_auto/league/l0fsrutz9fwbohx10lcf",2026-07-24,NA,NA,NA,NA,NA,NA,500.5,-115,-115,NA,NA,NA,NA,NA,NA,4.5,120,-150,NA,NA,535.418604651163,4.67272727272727,NA,NA,81.5782241014799
"119","Dalton Kincaid","BUF","TE","https://static.www.nfl.com/image/upload/f_auto,q_auto/league/zwkeaiecuyafkidllebz",2026-07-24,NA,NA,NA,NA,NA,NA,535.5,-115,-115,NA,NA,NA,NA,NA,NA,3.5,-150,120,NA,NA,572.860465116279,3.76363636363636,NA,NA,79.8678646934461
"120","Jake Ferguson","DAL","TE","https://static.www.nfl.com/image/upload/f_auto,q_auto/league/ebdz1yf8ky2mscdvyv1v",2026-07-24,NA,NA,NA,NA,NA,NA,475.5,-115,-115,NA,NA,NA,NA,NA,NA,4.5,-115,-115,NA,NA,508.674418604651,4.81395348837209,NA,NA,79.7511627906977
"121","Omar Cooper","NYJ","WR","https://static.www.nfl.com/image/upload/f_auto,q_auto/league/lmua2lbg0m77ibvydvaq",2026-07-24,NA,NA,NA,NA,NA,NA,500.5,-114,-114,NA,NA,NA,NA,NA,NA,3.5,125,-160,NA,NA,533.242990654206,3.62393162393162,NA,NA,75.0678888090103
"122","Michael Wilson","ARI","WR","https://static.www.nfl.com/image/upload/f_auto,q_auto/league/yc8awtck004bz2a5oeb8",2026-07-24,NA,NA,NA,NA,NA,NA,700.5,-115,-115,NA,NA,NA,NA,NA,NA,NA,NA,NA,NA,NA,749.372093023256,NA,NA,NA,74.9372093023256
"123","WanDale Robinson","TEN","WR","https://static.www.nfl.com/image/upload/f_auto,q_auto/league/yzcvyhmilvxedfjfjglc",2026-07-24,NA,NA,NA,NA,NA,NA,700.5,-115,-115,NA,NA,NA,NA,NA,NA,NA,NA,NA,NA,NA,749.372093023256,NA,NA,NA,74.9372093023256
"124","George Kittle","SF","TE","https://static.www.nfl.com/image/upload/f_auto,q_auto/league/ztz3xqjaqgok9m4nylgs",2026-07-24,NA,NA,NA,NA,NA,NA,700.5,-114,-114,NA,NA,NA,NA,NA,NA,NA,NA,NA,NA,NA,746.327102803738,NA,NA,NA,74.6327102803738
"125","Rashid Shaheed","SEA","WR","https://static.www.nfl.com/image/upload/f_auto,q_auto/league/ynsy489xqmiwt5q9whty",2026-07-24,NA,NA,NA,NA,NA,NA,475.5,-114,-114,NA,NA,NA,NA,NA,NA,3.5,130,-165,NA,NA,506.607476635514,3.6070549630845,NA,NA,72.3030774420584
"126","Harold Fannin","CLE","TE","https://static.www.nfl.com/image/upload/f_auto,q_auto/league/fxublmpnxx9uggsddwik",2026-07-24,NA,NA,NA,NA,NA,NA,675.5,-115,-115,NA,NA,NA,NA,NA,NA,NA,NA,NA,NA,NA,722.627906976744,NA,NA,NA,72.2627906976744
"127","Ricky Pearsall","SF","WR","https://static.www.nfl.com/image/upload/f_auto,q_auto/league/ko3lwlcfkxaykcspt4nw",2026-07-24,NA,NA,NA,NA,NA,NA,675.5,-115,-115,NA,NA,NA,NA,NA,NA,NA,NA,NA,NA,NA,722.627906976744,NA,NA,NA,72.2627906976744
"128","Kenyon Sadiq","NYJ","TE","https://static.www.nfl.com/image/upload/f_auto,q_auto/league/mnswulwto4yqkgmugoiq",2026-07-24,NA,NA,NA,NA,NA,NA,450.5,-114,-114,NA,NA,NA,NA,NA,NA,3.5,115,-145,NA,NA,479.971962616822,3.6359753203607,NA,NA,69.8130481838464
"129","Khalil Shakir","BUF","WR","https://static.www.nfl.com/image/upload/f_auto,q_auto/league/otadttbhvkmavhsonnqm",2026-07-24,NA,NA,NA,NA,NA,NA,650.5,-115,-115,NA,NA,NA,NA,NA,NA,NA,NA,NA,NA,NA,695.883720930232,NA,NA,NA,69.5883720930233
"130","Matthew Golden","GB","WR","https://static.www.nfl.com/image/upload/f_auto,q_auto/league/gkbhlytvkltv5whjo3ru",2026-07-24,NA,NA,NA,NA,NA,NA,650.5,-115,-115,NA,NA,NA,NA,NA,NA,NA,NA,NA,NA,NA,695.883720930232,NA,NA,NA,69.5883720930233
"131","Jaylen Warren","PIT","RB","https://static.www.nfl.com/image/upload/f_auto,q_auto/league/f3txbqdarbabqtq4sx98",2026-07-24,NA,NA,NA,650.5,-114,-114,NA,NA,NA,NA,NA,NA,NA,NA,NA,NA,NA,NA,693.056074766355,NA,NA,NA,NA,NA,69.3056074766355
"132","Makai Lemon","PHI","WR",NA,2026-07-24,NA,NA,NA,NA,NA,NA,650.5,-114,-114,NA,NA,NA,NA,NA,NA,NA,NA,NA,NA,NA,693.056074766355,NA,NA,NA,69.3056074766355
"133","Jayden Reed","GB","WR","https://static.www.nfl.com/image/upload/f_auto,q_auto/league/blh2tfg9qjthqo2g6ot4",2026-07-24,NA,NA,NA,NA,NA,NA,625.5,-115,-115,NA,NA,NA,NA,NA,NA,NA,NA,NA,NA,NA,669.139534883721,NA,NA,NA,66.9139534883721
"134","Jerry Jeudy","CLE","WR","https://static.www.nfl.com/image/upload/f_auto,q_auto/league/szca1v9butuqkjs7ekpm",2026-07-24,NA,NA,NA,NA,NA,NA,625.5,-115,-115,NA,NA,NA,NA,NA,NA,NA,NA,NA,NA,NA,669.139534883721,NA,NA,NA,66.9139534883721
"135","Jalen Coker","CAR","WR","https://static.www.nfl.com/image/upload/f_auto,q_auto/league/tbo339znpzrfki8hri95",2026-07-24,NA,NA,NA,NA,NA,NA,600.5,-115,-115,NA,NA,NA,NA,NA,NA,NA,NA,NA,NA,NA,642.395348837209,NA,NA,NA,64.2395348837209
"136","KC Concepcion","CLE","WR","https://static.www.nfl.com/image/upload/f_auto,q_auto/league/sratonawm4arjde9tmec",2026-07-24,NA,NA,NA,NA,NA,NA,600.5,-114,-114,NA,NA,NA,NA,NA,NA,NA,NA,NA,NA,NA,639.785046728972,NA,NA,NA,63.9785046728972
"137","Jayden Higgins","HOU","WR","https://static.www.nfl.com/image/upload/f_auto,q_auto/league/wrdw1u4onrmfuuluuipk",2026-07-24,NA,NA,NA,NA,NA,NA,575.5,-115,-115,NA,NA,NA,NA,NA,NA,NA,NA,NA,NA,NA,615.651162790698,NA,NA,NA,61.5651162790698
"138","Tre Tucker","LV","WR","https://static.www.nfl.com/image/upload/f_auto,q_auto/league/fsx05ats4azj8mus03d4",2026-07-24,NA,NA,NA,NA,NA,NA,575.5,-115,-115,NA,NA,NA,NA,NA,NA,NA,NA,NA,NA,NA,615.651162790698,NA,NA,NA,61.5651162790698
"139","Aaron Jones","MIN","RB","https://static.www.nfl.com/image/upload/f_auto,q_auto/league/bktkfvgfwujkdbzkcfim",2026-07-24,NA,NA,NA,550.5,-115,-115,NA,NA,NA,NA,NA,NA,NA,NA,NA,NA,NA,NA,588.906976744186,NA,NA,NA,NA,NA,58.8906976744186
"140","Jacory Croskey-Merritt","WAS","RB","https://static.www.nfl.com/image/upload/f_auto,q_auto/league/tklzj7zzve1t4z2hhr1g",2026-07-24,NA,NA,NA,550.5,-115,-115,NA,NA,NA,NA,NA,NA,NA,NA,NA,NA,NA,NA,588.906976744186,NA,NA,NA,NA,NA,58.8906976744186
"141","Juwan Johnson","NO","TE","https://static.www.nfl.com/image/upload/f_auto,q_auto/league/wuyyzdqkh5fve8t7kfuv",2026-07-24,NA,NA,NA,NA,NA,NA,550.5,-115,-115,NA,NA,NA,NA,NA,NA,NA,NA,NA,NA,NA,588.906976744186,NA,NA,NA,58.8906976744186
"142","Dalton Schultz","HOU","TE","https://static.www.nfl.com/image/upload/f_auto,q_auto/league/xbl9mhuamzv5udb4hyzj",2026-07-24,NA,NA,NA,NA,NA,NA,500.5,-115,-115,NA,NA,NA,NA,NA,NA,NA,NA,NA,NA,NA,535.418604651163,NA,NA,NA,53.5418604651163
"143","Denzel Boston","CLE","WR","https://static.www.nfl.com/image/upload/f_auto,q_auto/league/portdj0wgcytjvv1xy4x",2026-07-24,NA,NA,NA,NA,NA,NA,500.5,-115,-115,NA,NA,NA,NA,NA,NA,NA,NA,NA,NA,NA,535.418604651163,NA,NA,NA,53.5418604651163
"144","TJ Hockenson","MIN","TE","https://static.www.nfl.com/image/upload/f_auto,q_auto/league/rs8o65x0u0n9xzde0fd6",2026-07-24,NA,NA,NA,NA,NA,NA,500.5,-115,-115,NA,NA,NA,NA,NA,NA,NA,NA,NA,NA,NA,535.418604651163,NA,NA,NA,53.5418604651163
"145","Brenton Strange","JAX","TE","https://static.www.nfl.com/image/upload/f_auto,q_auto/league/yabpcvadjlrkxzducv7k",2026-07-24,NA,NA,NA,NA,NA,NA,490.5,-115,-115,NA,NA,NA,NA,NA,NA,NA,NA,NA,NA,NA,524.720930232558,NA,NA,NA,52.4720930232558
"146","Chig Okonkwo","WAS","TE","https://static.www.nfl.com/image/upload/f_auto,q_auto/league/omm5z5iq6dlmidqz1sgz",2026-07-24,NA,NA,NA,NA,NA,NA,475.5,-115,-115,NA,NA,NA,NA,NA,NA,NA,NA,NA,NA,NA,508.674418604651,NA,NA,NA,50.8674418604651
"147","Pat Freiermuth","PIT","TE","https://static.www.nfl.com/image/upload/f_auto,q_auto/league/vmwioi77upc9hqwaskfa",2026-07-24,NA,NA,NA,NA,NA,NA,450.5,-115,-115,NA,NA,NA,NA,NA,NA,NA,NA,NA,NA,NA,481.930232558139,NA,NA,NA,48.193023255814
"148","Rashod Bateman","BAL","WR","https://static.www.nfl.com/image/upload/f_auto,q_auto/league/gtktmsfcxc1eijwpwzyq",2026-07-24,NA,NA,NA,NA,NA,NA,450.5,-115,-115,NA,NA,NA,NA,NA,NA,NA,NA,NA,NA,NA,481.930232558139,NA,NA,NA,48.193023255814
"149","Cade Otton","TB","TE","https://static.www.nfl.com/image/upload/f_auto,q_auto/league/dlgxvfpnufpnxkvu1ynb",2026-07-24,NA,NA,NA,NA,NA,NA,425.5,-115,-115,NA,NA,NA,NA,NA,NA,NA,NA,NA,NA,NA,455.186046511628,NA,NA,NA,45.5186046511628
"150","Greg Dulcich","MIA","TE","https://static.www.nfl.com/image/upload/f_auto,q_auto/league/kirfnwuge3eam1s0ycne",2026-07-24,NA,NA,NA,NA,NA,NA,400.5,-115,-115,NA,NA,NA,NA,NA,NA,NA,NA,NA,NA,NA,428.441860465116,NA,NA,NA,42.8441860465116
"151","Gunnar Helm","TEN","TE","https://static.www.nfl.com/image/upload/f_auto,q_auto/league/lcyqbbnrzgtbnirz8knj",2026-07-24,NA,NA,NA,NA,NA,NA,400.5,-115,-115,NA,NA,NA,NA,NA,NA,NA,NA,NA,NA,NA,428.441860465116,NA,NA,NA,42.8441860465116
"152","Germie Bernard","PIT","WR","https://static.www.nfl.com/image/upload/f_auto,q_auto/league/rsbtypbsvxux94vokb5q",2026-07-24,NA,NA,NA,NA,NA,NA,400.5,-110,-120,NA,NA,NA,NA,NA,NA,NA,NA,NA,NA,NA,428.229437229437,NA,NA,NA,42.8229437229437
