"player","team","date","pass_yds_line","pass_yds_over_price","pass_yds_under_price","rush_yds_line","rush_yds_over_price","rush_yds_under_price","rec_yds_line","rec_yds_over_price","rec_yds_under_price","pass_tds_line","pass_tds_over_price","pass_tds_under_price","rush_tds_line","rush_tds_over_price","rush_tds_under_price","rec_tds_line","rec_tds_over_price","rec_tds_under_price"
"Jared Goff","DET",2026-09-04,4050.5,-114,-114,NA,NA,NA,NA,NA,NA,29.5,-108,-122,NA,NA,NA,NA,NA,NA
"Joe Burrow","CIN",2026-09-04,3875.5,-115,-115,NA,NA,NA,NA,NA,NA,32.5,-114,-114,NA,NA,NA,NA,NA,NA
"Dak Prescott","DAL",2026-09-04,3950.5,-114,-114,NA,NA,NA,NA,NA,NA,27.5,-102,-130,NA,NA,NA,NA,NA,NA
"Matthew Stafford","LAR",2026-09-04,3825.5,-114,-114,NA,NA,NA,NA,NA,NA,29.5,-132,100,NA,NA,NA,NA,NA,NA
"Trevor Lawrence","JAX",2026-09-04,3750.5,-114,-114,NA,NA,NA,NA,NA,NA,25.5,-102,-130,NA,NA,NA,NA,NA,NA
"Drake Maye","NE",2026-09-04,3750.5,-114,-114,400.5,-114,-114,NA,NA,NA,25.5,-144,108,3.5,-108,-122,NA,NA,NA
"Brock Purdy","SF",2026-09-04,3700.5,-114,-114,NA,NA,NA,NA,NA,NA,27.5,-108,-122,NA,NA,NA,NA,NA,NA
"Sam Darnold","SEA",2026-09-04,3650.5,-114,-114,NA,NA,NA,NA,NA,NA,23.5,-102,-130,NA,NA,NA,NA,NA,NA
"Caleb Williams","CHI",2026-09-04,3650.5,-114,-114,NA,NA,NA,NA,NA,NA,24.5,-122,-108,NA,NA,NA,NA,NA,NA
"Patrick Mahomes","KC",2026-09-04,3550.5,-115,-115,NA,NA,NA,NA,NA,NA,25.5,-105,-125,NA,NA,NA,NA,NA,NA
"Josh Allen","BUF",2026-09-04,3600.5,-114,-114,500.5,-114,-114,NA,NA,NA,24.5,-120,-110,10.5,-128,-104,NA,NA,NA
"Justin Herbert","LAC",2026-09-04,3600.5,-114,-114,300.5,-115,-115,NA,NA,NA,25.5,-108,-122,NA,NA,NA,NA,NA,NA
"Baker Mayfield","TB",2026-09-04,3500.5,-114,-114,NA,NA,NA,NA,NA,NA,25.5,102,-136,NA,NA,NA,NA,NA,NA
"C.J. Stroud","HOU",2026-09-04,3500.5,-114,-114,NA,NA,NA,NA,NA,NA,22.5,-122,-108,NA,NA,NA,NA,NA,NA
"Jordan Love","GB",2026-09-04,3700.5,-114,-114,NA,NA,NA,NA,NA,NA,26.5,-108,-122,NA,NA,NA,NA,NA,NA
"Tyler Shough","NO",2026-09-04,3400.5,-114,-114,NA,NA,NA,NA,NA,NA,19.5,-148,112,NA,NA,NA,NA,NA,NA
"Bo Nix","DEN",2026-09-04,3475.5,-115,-115,NA,NA,NA,NA,NA,NA,24.5,100,-130,NA,NA,NA,NA,NA,NA
"Geno Smith","NYJ",2026-09-04,NA,NA,NA,NA,NA,NA,NA,NA,NA,NA,NA,NA,NA,NA,NA,NA,NA,NA
"Kirk Cousins","LV",2026-09-04,NA,NA,NA,NA,NA,NA,NA,NA,NA,NA,NA,NA,NA,NA,NA,NA,NA,NA
"Fernando Mendoza","LV",2026-09-04,1950.5,-114,-114,NA,NA,NA,NA,NA,NA,11.5,102,-136,NA,NA,NA,NA,NA,NA
"Daniel Jones","IND",2026-09-04,3250.5,-114,-114,NA,NA,NA,NA,NA,NA,18.5,-136,102,NA,NA,NA,NA,NA,NA
"Jalen Hurts","PHI",2026-09-04,3150.5,-114,-114,425.5,-114,-114,NA,NA,NA,21.5,-122,-108,7.5,-148,112,NA,NA,NA
"Lamar Jackson","BAL",2026-09-04,3200.5,-114,-114,550.5,-114,-114,NA,NA,NA,24.5,-122,-108,3.5,-130,-102,NA,NA,NA
"Cam Ward","TEN",2026-09-04,3200.5,-114,-114,NA,NA,NA,NA,NA,NA,19.5,106,-140,NA,NA,NA,NA,NA,NA
"Jayden Daniels","WAS",2026-09-04,3100.5,-114,-114,525.5,-115,-115,NA,NA,NA,21.5,-102,-130,4.5,100,-130,NA,NA,NA
"Jaxson Dart","NYG",2026-09-04,3100.5,-114,-114,475.5,-114,-114,NA,NA,NA,19.5,-108,-122,5.5,-118,-112,NA,NA,NA
"Aaron Rodgers","PIT",2026-09-04,3050.5,-114,-114,NA,NA,NA,NA,NA,NA,20.5,-130,100,NA,NA,NA,NA,NA,NA
"Kyler Murray","MIN",2026-09-04,3000.5,-115,-115,375.5,-115,-115,NA,NA,NA,17.5,-135,105,NA,NA,NA,NA,NA,NA
"Bryce Young","CAR",2026-09-04,2875.5,-114,-114,NA,NA,NA,NA,NA,NA,20.5,-108,-122,NA,NA,NA,NA,NA,NA
"Malik Willis","MIA",2026-09-04,2800.5,-115,-115,NA,NA,NA,NA,NA,NA,14.5,-105,-125,7.5,500,NA,NA,NA,NA
"Jacoby Brissett","ARI",2026-09-04,2550.5,-115,-115,NA,NA,NA,NA,NA,NA,11.5,100,-130,NA,NA,NA,NA,NA,NA
"Deshaun Watson","CLE",2026-09-04,NA,NA,NA,NA,NA,NA,NA,NA,NA,NA,NA,NA,NA,NA,NA,NA,NA,NA
"Derrick Henry","BAL",2026-09-04,NA,NA,NA,1225.5,-114,-114,NA,NA,NA,NA,NA,NA,12.5,-132,-102,NA,NA,NA
"James Cook","BUF",2026-09-04,NA,NA,NA,1175.5,-114,-114,NA,NA,NA,NA,NA,NA,10.5,106,-140,NA,NA,NA
"Jonathan Taylor","IND",2026-09-04,NA,NA,NA,1225.5,-114,-114,NA,NA,NA,NA,NA,NA,11.5,-122,-108,NA,NA,NA
"Jahmyr Gibbs","DET",2026-09-04,NA,NA,NA,1200.5,-114,-114,475.5,-114,-114,NA,NA,NA,11.5,-166,120,3.5,100,-130
"Bijan Robinson","ATL",2026-09-04,NA,NA,NA,1150.5,-114,-114,575.5,-115,-115,NA,NA,NA,9.5,-108,-122,3.5,110,-140
"Saquon Barkley","PHI",2026-09-04,NA,NA,NA,1050.5,-114,-114,350.5,-115,-115,NA,NA,NA,7.5,-114,-114,NA,NA,NA
"Ashton Jeanty","LV",2026-09-04,NA,NA,NA,999.5,100,NA,NA,NA,NA,NA,NA,NA,7.5,-110,NA,NA,NA,NA
"Breece Hall","NYJ",2026-09-04,NA,NA,NA,900.5,-114,-114,NA,NA,NA,NA,NA,NA,5.5,116,-154,NA,NA,NA
"TreVeyon Henderson","NE",2026-09-04,NA,NA,NA,675.5,-114,-114,NA,NA,NA,NA,NA,NA,5.5,-114,-114,NA,NA,NA
"Chuba Hubbard","CAR",2026-09-04,NA,NA,NA,999.5,300,NA,NA,NA,NA,NA,NA,NA,7.5,300,NA,NA,NA,NA
"Jonathon Brooks","CAR",2026-09-04,NA,NA,NA,999.5,350,NA,NA,NA,NA,NA,NA,NA,NA,NA,NA,NA,NA,NA
"Kyle Monangai","CHI",2026-09-04,NA,NA,NA,999.5,400,NA,NA,NA,NA,NA,NA,NA,NA,NA,NA,NA,NA,NA
"Kenneth Walker","KC",2026-09-04,NA,NA,NA,950.5,-114,-114,NA,NA,NA,NA,NA,NA,7.5,-130,-102,NA,NA,NA
"De'Von Achane","MIA",2026-09-04,NA,NA,NA,975.5,-114,-114,375.5,-115,-115,NA,NA,NA,5.5,120,-150,NA,NA,NA
"Omarion Hampton","LAC",2026-09-04,NA,NA,NA,950.5,-114,-114,NA,NA,NA,NA,NA,NA,7.5,-148,112,NA,NA,NA
"Christian McCaffrey","SF",2026-09-04,NA,NA,NA,900.5,-114,-114,550.5,-114,-114,NA,NA,NA,8.5,106,-140,4.5,115,-145
"Kyren Williams","LAR",2026-09-04,NA,NA,NA,925.5,-114,-114,NA,NA,NA,NA,NA,NA,10.5,140,-170,NA,NA,NA
"Javonte Williams","DAL",2026-09-04,NA,NA,NA,950.5,-114,-114,NA,NA,NA,NA,NA,NA,9.5,-128,-104,NA,NA,NA
"Josh Williams","",2026-09-04,NA,NA,NA,NA,NA,NA,NA,NA,NA,NA,NA,NA,NA,NA,NA,NA,NA,NA
"Chase Brown","CIN",2026-09-04,NA,NA,NA,850.5,-114,-114,NA,NA,NA,NA,NA,NA,6.5,106,-140,NA,NA,NA
"Quinshon Judkins","CLE",2026-09-04,NA,NA,NA,850.5,-114,-114,NA,NA,NA,NA,NA,NA,6.5,105,-135,NA,NA,NA
"D.J. Montgomery","IND",2026-09-04,NA,NA,NA,NA,NA,NA,NA,NA,NA,NA,NA,NA,NA,NA,NA,NA,NA,NA
"Travis Etienne","NO",2026-09-04,NA,NA,NA,875.5,-114,-114,NA,NA,NA,NA,NA,NA,5.5,124,-166,NA,NA,NA
"David Montgomery","HOU",2026-09-04,NA,NA,NA,800.5,-114,-114,NA,NA,NA,NA,NA,NA,7.5,-102,-130,NA,NA,NA
"D'Andre Swift","CHI",2026-09-04,NA,NA,NA,800.5,-114,-114,NA,NA,NA,NA,NA,NA,5.5,-158,118,NA,NA,NA
"Bucky Irving","TB",2026-09-04,NA,NA,NA,800.5,100,-130,NA,NA,NA,NA,NA,NA,5.5,135,-170,NA,NA,NA
"Tony Pollard","TEN",2026-09-04,NA,NA,NA,775.5,-114,-114,NA,NA,NA,NA,NA,NA,5.5,112,-148,NA,NA,NA
"Jeremiyah Love","ARI",2026-09-04,NA,NA,NA,775.5,-114,-114,NA,NA,NA,NA,NA,NA,5.5,-122,-108,NA,NA,NA
"Cam Skattebo","NYG",2026-09-04,NA,NA,NA,750.5,-115,-115,250.5,-115,-115,NA,NA,NA,6.5,115,-145,NA,NA,NA
"Jacory Croskey-Merritt","WAS",2026-09-04,NA,NA,NA,600.5,-115,-115,NA,NA,NA,NA,NA,NA,NA,NA,NA,NA,NA,NA
"Jadarian Price","SEA",2026-09-04,NA,NA,NA,720.5,-115,-115,NA,NA,NA,NA,NA,NA,6.5,-115,-115,NA,NA,NA
"Bhayshul Tuten","JAX",2026-09-04,NA,NA,NA,725.5,-115,-115,NA,NA,NA,NA,NA,NA,5.5,-105,-125,NA,NA,NA
"Blake Corum","LAR",2026-09-04,NA,NA,NA,700.5,-115,-115,NA,NA,NA,NA,NA,NA,5.5,-130,100,NA,NA,NA
"Rico Dowdle","PIT",2026-09-04,NA,NA,NA,725.5,-115,-115,NA,NA,NA,NA,NA,NA,4.5,-110,-120,NA,NA,NA
"Bryce Henderson","",2026-09-04,NA,NA,NA,NA,NA,NA,NA,NA,NA,NA,NA,NA,NA,NA,NA,NA,NA,NA
"J.K. Dobbins","DEN",2026-09-04,NA,NA,NA,700.5,-114,-114,NA,NA,NA,NA,NA,NA,5.5,115,-145,NA,NA,NA
"Jordan Mason","MIN",2026-09-04,NA,NA,NA,650.5,-115,-115,NA,NA,NA,NA,NA,NA,4.5,-130,100,NA,NA,NA
"Jaylen Warren","PIT",2026-09-04,NA,NA,NA,625.5,-114,-114,NA,NA,NA,NA,NA,NA,7.5,300,NA,NA,NA,NA
"Rhamondre Stevenson","NE",2026-09-04,NA,NA,NA,650.5,-114,-114,NA,NA,NA,NA,NA,NA,5.5,-128,-104,NA,NA,NA
"Aaron Jones","MIN",2026-09-04,NA,NA,NA,475.5,-115,-115,NA,NA,NA,NA,NA,NA,NA,NA,NA,NA,NA,NA
"Puka Nacua","LAR",2026-09-04,NA,NA,NA,NA,NA,NA,1325.5,-114,-114,NA,NA,NA,NA,NA,NA,8.5,120,-150
"Ryan Flournoy","DAL",2026-09-04,NA,NA,NA,NA,NA,NA,1499.5,4000,NA,NA,NA,NA,NA,NA,NA,NA,NA,NA
"Jayden Higgins","HOU",2026-09-04,NA,NA,NA,NA,NA,NA,1499.5,4000,NA,NA,NA,NA,NA,NA,NA,NA,NA,NA
"Cooper Kupp","SEA",2026-09-04,NA,NA,NA,NA,NA,NA,1499.5,4500,NA,NA,NA,NA,NA,NA,NA,NA,NA,NA
"Ja'Marr Chase","CIN",2026-09-04,NA,NA,NA,NA,NA,NA,1325.5,-114,-114,NA,NA,NA,NA,NA,NA,9.5,-145,115
"Jaxon Smith-Njigba","SEA",2026-09-04,NA,NA,NA,NA,NA,NA,1325.5,-114,-114,NA,NA,NA,NA,NA,NA,8.5,100,-130
"Amon-Ra St. Brown","DET",2026-09-04,NA,NA,NA,NA,NA,NA,1225.5,-114,-114,NA,NA,NA,NA,NA,NA,9.5,-110,-115
"CeeDee Lamb","DAL",2026-09-04,NA,NA,NA,NA,NA,NA,1175.5,-114,-114,NA,NA,NA,NA,NA,NA,7.5,-110,100
"Justin Jefferson","MIN",2026-09-04,NA,NA,NA,NA,NA,NA,1150.5,-114,-114,NA,NA,NA,NA,NA,NA,7.5,130,-130
"Nico Collins","HOU",2026-09-04,NA,NA,NA,NA,NA,NA,1150.5,-114,-114,NA,NA,NA,NA,NA,NA,6.5,-120,-110
"A.J. Brown","NE",2026-09-04,NA,NA,NA,NA,NA,NA,1125.5,-114,-114,NA,NA,NA,NA,NA,NA,6.5,-125,-105
"DeVonta Smith","PHI",2026-09-04,NA,NA,NA,NA,NA,NA,1075.5,-115,-115,NA,NA,NA,NA,NA,NA,5.5,-105,-125
"Drake London","ATL",2026-09-04,NA,NA,NA,NA,NA,NA,1100.5,-114,-114,NA,NA,NA,NA,NA,NA,7.5,115,-145
"Chris Olave","NO",2026-09-04,NA,NA,NA,NA,NA,NA,1050.5,-114,-114,NA,NA,NA,NA,NA,NA,5.5,-115,-115
"George Pickens","DAL",2026-09-04,NA,NA,NA,NA,NA,NA,1050.5,-114,-114,NA,NA,NA,NA,NA,NA,7.5,125,-155
"Zay Flowers","BAL",2026-09-04,NA,NA,NA,NA,NA,NA,975.5,-114,-114,NA,NA,NA,NA,NA,NA,5.5,100,-130
"Trey McBride","ARI",2026-09-04,NA,NA,NA,NA,NA,NA,950.5,-114,-114,NA,NA,NA,NA,NA,NA,6.5,115,-145
"Rashee Rice","KC",2026-09-04,NA,NA,NA,NA,NA,NA,999.5,-150,NA,NA,NA,NA,NA,NA,NA,7.5,-130,NA
"Garrett Wilson","NYJ",2026-09-04,NA,NA,NA,NA,NA,NA,975.5,-114,-114,NA,NA,NA,NA,NA,NA,4.5,-170,130
"Malik Nabers","NYG",2026-09-04,NA,NA,NA,NA,NA,NA,925.5,-114,-114,NA,NA,NA,NA,NA,NA,7.5,185,NA
"Emeka Egbuka","TB",2026-09-04,NA,NA,NA,NA,NA,NA,999.5,100,NA,NA,NA,NA,NA,NA,NA,7.5,150,NA
"Alec Pierce","IND",2026-09-04,NA,NA,NA,NA,NA,NA,999.5,120,NA,NA,NA,NA,NA,NA,NA,7.5,300,NA
"Jordyn Tyson","NO",2026-09-04,NA,NA,NA,NA,NA,NA,999.5,200,NA,NA,NA,NA,NA,NA,NA,NA,NA,NA
"Josh Downs","IND",2026-09-04,NA,NA,NA,NA,NA,NA,999.5,240,NA,NA,NA,NA,NA,NA,NA,9.5,1000,NA
"Jakobi Meyers","JAX",2026-09-04,NA,NA,NA,NA,NA,NA,999.5,280,NA,NA,NA,NA,NA,NA,NA,7.5,325,NA
"Stefon Diggs","WAS",2026-09-04,NA,NA,NA,NA,NA,NA,999.5,350,NA,NA,NA,NA,NA,NA,NA,NA,NA,NA
"Oronde Gadsden","LAC",2026-09-04,NA,NA,NA,NA,NA,NA,999.5,350,NA,NA,NA,NA,NA,NA,NA,NA,NA,NA
"Khalil Shakir","BUF",2026-09-04,NA,NA,NA,NA,NA,NA,625.5,-115,-115,NA,NA,NA,NA,NA,NA,NA,NA,NA
"Xavier Worthy","KC",2026-09-04,NA,NA,NA,NA,NA,NA,999.5,400,NA,NA,NA,NA,NA,NA,NA,NA,NA,NA
"Tre' Harris","LAC",2026-09-04,NA,NA,NA,NA,NA,NA,NA,NA,NA,NA,NA,NA,NA,NA,NA,NA,NA,NA
"Sam LaPorta","DET",2026-09-04,NA,NA,NA,NA,NA,NA,650.5,-114,-114,NA,NA,NA,NA,NA,NA,7.5,300,NA
"Malik Washington","MIA",2026-09-04,NA,NA,NA,NA,NA,NA,NA,NA,NA,NA,NA,NA,NA,NA,NA,NA,NA,NA
"Jalen McMillan","TB",2026-09-04,NA,NA,NA,NA,NA,NA,999.5,625,NA,NA,NA,NA,NA,NA,NA,NA,NA,NA
"Adonai Mitchell","NYJ",2026-09-04,NA,NA,NA,NA,NA,NA,999.5,750,NA,NA,NA,NA,NA,NA,NA,NA,NA,NA
"Calvin Ridley","TEN",2026-09-04,NA,NA,NA,NA,NA,NA,999.5,750,NA,NA,NA,NA,NA,NA,NA,NA,NA,NA
"Brock Bowers","LV",2026-09-04,NA,NA,NA,NA,NA,NA,925.5,-114,-114,NA,NA,NA,NA,NA,NA,7.5,130,-155
"Tetairoa McMillan","CAR",2026-09-04,NA,NA,NA,NA,NA,NA,950.5,-114,-114,NA,NA,NA,NA,NA,NA,6.5,100,-130
"Jaylen Waddle","DEN",2026-09-04,NA,NA,NA,NA,NA,NA,925.5,-114,-114,NA,NA,NA,NA,NA,NA,5.5,100,-130
"Terry McLaurin","WAS",2026-09-04,NA,NA,NA,NA,NA,NA,900.5,-114,-114,NA,NA,NA,NA,NA,NA,5.5,-130,100
"Jameson Williams","DET",2026-09-04,NA,NA,NA,NA,NA,NA,900.5,-114,-114,NA,NA,NA,NA,NA,NA,5.5,-115,-115
"Ladd McConkey","LAC",2026-09-04,NA,NA,NA,NA,NA,NA,900.5,-114,-114,NA,NA,NA,NA,NA,NA,5.5,-110,-120
"Tee Higgins","CIN",2026-09-04,NA,NA,NA,NA,NA,NA,900.5,-114,-114,NA,NA,NA,NA,NA,NA,7.5,-115,-115
"Luther Burden","CHI",2026-09-04,NA,NA,NA,NA,NA,NA,850.5,-114,-114,NA,NA,NA,NA,NA,NA,4.5,100,-130
"DJ Moore","BUF",2026-09-04,NA,NA,NA,NA,NA,NA,825.5,-115,-115,NA,NA,NA,NA,NA,NA,6.5,125,-155
"Marvin Harrison","ARI",2026-09-04,NA,NA,NA,NA,NA,NA,800.5,-114,-114,NA,NA,NA,NA,NA,NA,5.5,115,-145
"Colston Loveland","CHI",2026-09-04,NA,NA,NA,NA,NA,NA,825.5,-114,-114,NA,NA,NA,NA,NA,NA,5.5,-140,110
"DK Metcalf","PIT",2026-09-04,NA,NA,NA,NA,NA,NA,800.5,-115,-115,NA,NA,NA,NA,NA,NA,5.5,100,-130
"Rome Odunze","CHI",2026-09-04,NA,NA,NA,NA,NA,NA,800.5,-114,-114,NA,NA,NA,NA,NA,NA,5.5,-115,-115
"Parker Washington","JAX",2026-09-04,NA,NA,NA,NA,NA,NA,850.5,-115,-115,NA,NA,NA,NA,NA,NA,4.5,-120,-110
"Mike Evans","SF",2026-09-04,NA,NA,NA,NA,NA,NA,775.5,-114,-114,NA,NA,NA,NA,NA,NA,6.5,100,-130
"Tre Watson","",2026-09-04,NA,NA,NA,NA,NA,NA,NA,NA,NA,NA,NA,NA,NA,NA,NA,NA,NA,NA
"Davante Adams","LAR",2026-09-04,NA,NA,NA,NA,NA,NA,750.5,-114,-114,NA,NA,NA,NA,NA,NA,9.5,110,-130
"Tyler Warren","IND",2026-09-04,NA,NA,NA,NA,NA,NA,750.5,-114,-114,NA,NA,NA,NA,NA,NA,4.5,-160,130
"Christian Watson","GB",2026-09-04,NA,NA,NA,NA,NA,NA,825.5,-114,-114,NA,NA,NA,NA,NA,NA,6.5,100,-130
"Carnell Tate","TEN",2026-09-04,NA,NA,NA,NA,NA,NA,775.5,-114,-114,NA,NA,NA,NA,NA,NA,4.5,140,-180
"Kyle Pitts","ATL",2026-09-04,NA,NA,NA,NA,NA,NA,725.5,-114,-114,NA,NA,NA,NA,NA,NA,4.5,100,-130
"Michael Pittman","PIT",2026-09-04,NA,NA,NA,NA,NA,NA,750.5,-115,-114,NA,NA,NA,NA,NA,NA,4.5,125,-155
"Kayshon Boutte","HOU",2026-09-04,NA,NA,NA,NA,NA,NA,NA,NA,NA,NA,NA,NA,NA,NA,NA,NA,NA,NA
"Keenan Allen","IND",2026-09-04,NA,NA,NA,NA,NA,NA,NA,NA,NA,NA,NA,NA,NA,NA,NA,NA,NA,NA
"Jalen Coker","CAR",2026-09-04,NA,NA,NA,NA,NA,NA,625.5,-115,-115,NA,NA,NA,NA,NA,NA,NA,NA,NA
"Makai Lemon","PHI",2026-09-04,NA,NA,NA,NA,NA,NA,575.5,-114,-114,NA,NA,NA,NA,NA,NA,NA,NA,NA
"Evan Engram","DEN",2026-09-04,NA,NA,NA,NA,NA,NA,NA,NA,NA,NA,NA,NA,NA,NA,NA,NA,NA,NA
"Michael Wilson","ARI",2026-09-04,NA,NA,NA,NA,NA,NA,699.5,-115,-115,NA,NA,NA,NA,NA,NA,NA,NA,NA
"Chris Godwin","TB",2026-09-04,NA,NA,NA,NA,NA,NA,675.5,-115,-115,NA,NA,NA,NA,NA,NA,4.5,-115,-115
"George Kittle","SF",2026-09-04,NA,NA,NA,NA,NA,NA,700.5,-114,-114,NA,NA,NA,NA,NA,NA,5.5,-110,-120
"Courtland Sutton","DEN",2026-09-04,NA,NA,NA,NA,NA,NA,725.5,-114,-114,NA,NA,NA,NA,NA,NA,6.5,110,-140
"Harold Fannin","CLE",2026-09-04,NA,NA,NA,NA,NA,NA,675.5,-115,-115,NA,NA,NA,NA,NA,NA,7.5,600,NA
"Tucker Kraft","GB",2026-09-04,NA,NA,NA,NA,NA,NA,700.5,-115,-115,NA,NA,NA,NA,NA,NA,4.5,-175,140
"Brian Thomas","JAX",2026-09-04,NA,NA,NA,NA,NA,NA,675.5,-115,-115,NA,NA,NA,NA,NA,NA,4.5,110,-140
"Jayden Reed","GB",2026-09-04,NA,NA,NA,NA,NA,NA,675.5,-115,-115,NA,NA,NA,NA,NA,NA,7.5,260,NA
"Jordan Addison","MIN",2026-09-04,NA,NA,NA,NA,NA,NA,650.5,-115,-115,NA,NA,NA,NA,NA,NA,4.5,-115,-115
"Quentin Johnston","LAC",2026-09-04,NA,NA,NA,NA,NA,NA,675.5,-115,-115,NA,NA,NA,NA,NA,NA,5.5,100,-130
"Travis Kelce","KC",2026-09-04,NA,NA,NA,NA,NA,NA,675.5,-114,-114,NA,NA,NA,NA,NA,NA,4.5,110,-140
"Wan'Dale Robinson","TEN",2026-09-04,NA,NA,NA,NA,NA,NA,725.5,-115,-115,NA,NA,NA,NA,NA,NA,NA,NA,NA
"Matthew Golden","GB",2026-09-04,NA,NA,NA,NA,NA,NA,650.5,-115,-115,NA,NA,NA,NA,NA,NA,7.5,850,NA
"Romeo Doubs","NE",2026-09-04,NA,NA,NA,NA,NA,NA,625.5,-115,-115,NA,NA,NA,NA,NA,NA,4.5,-125,-105
"De'Zhaun Stribling","SF",2026-09-04,NA,NA,NA,NA,NA,NA,700.5,-115,-115,NA,NA,NA,NA,NA,NA,NA,NA,NA
"Isaiah Likely","NYG",2026-09-04,NA,NA,NA,NA,NA,NA,625.5,-120,-110,NA,NA,NA,NA,NA,NA,3.5,-105,-125
"Deebo Samuel","SF",2026-09-04,NA,NA,NA,NA,NA,NA,NA,NA,NA,NA,NA,NA,NA,NA,NA,NA,NA,NA
"KC Concepcion","CLE",2026-09-04,NA,NA,NA,NA,NA,NA,600.5,-114,-114,NA,NA,NA,NA,NA,NA,NA,NA,NA
"Juwan Johnson","NO",2026-09-04,NA,NA,NA,NA,NA,NA,575.5,-115,-115,NA,NA,NA,NA,NA,NA,NA,NA,NA
"Dalton Kincaid","BUF",2026-09-04,NA,NA,NA,NA,NA,NA,550.5,-115,-115,NA,NA,NA,NA,NA,NA,3.5,-200,150
"Dontayvion Wicks","PHI",2026-09-04,NA,NA,NA,NA,NA,NA,NA,NA,NA,NA,NA,NA,NA,NA,NA,NA,NA,NA
"Dallas Goedert","PHI",2026-09-04,NA,NA,NA,NA,NA,NA,575.5,-115,-115,NA,NA,NA,NA,NA,NA,4.5,-125,-105
"Rashid Shaheed","SEA",2026-09-04,NA,NA,NA,NA,NA,NA,500.5,-114,-114,NA,NA,NA,NA,NA,NA,3.5,135,-170
"Tre Tucker","LV",2026-09-04,NA,NA,NA,NA,NA,NA,575.5,-115,-115,NA,NA,NA,NA,NA,NA,NA,NA,NA
"Jerry Jeudy","CLE",2026-09-04,NA,NA,NA,NA,NA,NA,500.5,-110,-120,NA,NA,NA,NA,NA,NA,NA,NA,NA
"Luke McCaffrey","WAS",2026-09-04,NA,NA,NA,NA,NA,NA,NA,NA,NA,NA,NA,NA,NA,NA,NA,NA,NA,NA
"Jake Ferguson","DAL",2026-09-04,NA,NA,NA,NA,NA,NA,525.5,-115,-115,NA,NA,NA,NA,NA,NA,4.5,-145,115
"Hunter Henry","NE",2026-09-04,NA,NA,NA,NA,NA,NA,500.5,-115,-115,NA,NA,NA,NA,NA,NA,4.5,120,-150
"Chig Okonkwo","WAS",2026-09-04,NA,NA,NA,NA,NA,NA,500.5,-115,-115,NA,NA,NA,NA,NA,NA,NA,NA,NA
"Dalton Schultz","HOU",2026-09-04,NA,NA,NA,NA,NA,NA,500.5,-115,-115,NA,NA,NA,NA,NA,NA,NA,NA,NA
"Brenton Strange","JAX",2026-09-04,NA,NA,NA,NA,NA,NA,500.5,-115,-115,NA,NA,NA,NA,NA,NA,NA,NA,NA
"Mark Andrews","BAL",2026-09-04,NA,NA,NA,NA,NA,NA,500.5,-114,-114,NA,NA,NA,NA,NA,NA,5.5,-115,-115
"Denzel Boston","CLE",2026-09-04,NA,NA,NA,NA,NA,NA,510.5,-115,-115,NA,NA,NA,NA,NA,NA,NA,NA,NA
"T.J. Hockenson","MIN",2026-09-04,NA,NA,NA,NA,NA,NA,500.5,-115,-115,NA,NA,NA,NA,NA,NA,NA,NA,NA
"Omar Cooper","NYJ",2026-09-04,NA,NA,NA,NA,NA,NA,425.5,-114,-114,NA,NA,NA,NA,NA,NA,3.5,130,-170
"Greg Dulcich","MIA",2026-09-04,NA,NA,NA,NA,NA,NA,440.5,-115,-115,NA,NA,NA,NA,NA,NA,NA,NA,NA
"Pat Freiermuth","PIT",2026-09-04,NA,NA,NA,NA,NA,NA,425.5,-115,-115,NA,NA,NA,NA,NA,NA,7.5,500,NA
"Cade Otton","TB",2026-09-04,NA,NA,NA,NA,NA,NA,425.5,-115,-115,NA,NA,NA,NA,NA,NA,NA,NA,NA
"Kenyon Sadiq","NYJ",2026-09-04,NA,NA,NA,NA,NA,NA,425.5,-114,-114,NA,NA,NA,NA,NA,NA,3.5,115,-145
"Germie Bernard","PIT",2026-09-04,NA,NA,NA,NA,NA,NA,375.5,-110,-120,NA,NA,NA,NA,NA,NA,NA,NA,NA
"Gunnar Helm","TEN",2026-09-04,NA,NA,NA,NA,NA,NA,350.5,-115,-115,NA,NA,NA,NA,NA,NA,NA,NA,NA
"Isiah Pacheco","DET",2026-09-04,NA,NA,NA,NA,NA,NA,NA,NA,NA,NA,NA,NA,14.5,900,NA,NA,NA,NA
"Chris Rodriguez","JAX",2026-09-04,NA,NA,NA,NA,NA,NA,NA,NA,NA,NA,NA,NA,NA,NA,NA,NA,NA,NA
"DeVonta Smith","",2026-09-04,NA,NA,NA,NA,NA,NA,NA,NA,NA,NA,NA,NA,NA,NA,NA,5.5,100,-130
